Workbook
Name Dept_1: '__lookup'!C2:C2
Name Dept_2: '__lookup'!D2:D2

Sheet التقييمات
A1: قالب استيراد التقييم — قالب دورة 1788907143_crs [course] | معرف القالب: 50 | المقيّم: 67 | الحد: 100
A2: كل صف = دورة واحدة. العنوان إلزامي + الفرع أو القسم أحدهما إلزامي. حتى 100 دورة.
A3: عنوان الدورة * | B3: الفرع | C3: القسم | D3: تاريخ البداية | E3: تاريخ النهاية | F3: معيار (100%) | H3: ملاحظة عامة | I3: تاريخ التقييم * | J3: مسؤول التقييم * | K3: الصفة
F4: بند [نسبة %]
A5: اسم الدورة (نص حر) | B5: اختر من القائمة | C5: اختر من القائمة | D5: YYYY-MM-DD | E5: YYYY-MM-DD | F5: completed | H5: نص حر حتى 4000 حرف | I5: YYYY-MM-DD أو DD-MM-YYYY مثال 2026-05-20 أو 20-05-2026 | J5: يُملأ تلقائياً — قابل للتعديل | K5: صفة المقيّم | L5: branch_id_helper
A6: دورة اختبار 1788907143_crs | B6: فرع اختبار عام | D6: 2026-01-01 | E6: 2026-12-31 | F6: completed | G6: 75 | I6: 2026-09-09 | J6: مقيّم اختبار | K6: مشرف | L6: =IF(D6="","",IFERROR(INDEX(__lookup!$A:$A,MATCH(D6,__lookup!$B:$B,0)),""))
A7: دورة اختبار سياق 1788906922_eic | B7: فرع اختبار عام | D7: 2026-01-01 | E7: 2026-12-31 | F7: ongoing | L7: =IF(D7="","",IFERROR(INDEX(__lookup!$A:$A,MATCH(D7,__lookup!$B:$B,0)),""))
A8: دورة اختبار 1788907143_crs | B8: فرع اختبار عام | D8: 2026-01-01 | E8: 2026-12-31 | F8: ongoing | L8: =IF(D8="","",IFERROR(INDEX(__lookup!$A:$A,MATCH(D8,__lookup!$B:$B,0)),""))
L9: =IF(D9="","",IFERROR(INDEX(__lookup!$A:$A,MATCH(D9,__lookup!$B:$B,0)),""))
L10: =IF(D10="","",IFERROR(INDEX(__lookup!$A:$A,MATCH(D10,__lookup!$B:$B,0)),""))
L11: =IF(D11="","",IFERROR(INDEX(__lookup!$A:$A,MATCH(D11,__lookup!$B:$B,0)),""))
L12: =IF(D12="","",IFERROR(INDEX(__lookup!$A:$A,MATCH(D12,__lookup!$B:$B,0)),""))
L13: =IF(D13="","",IFERROR(INDEX(__lookup!$A:$A,MATCH(D13,__lookup!$B:$B,0)),""))
L14: =IF(D14="","",IFERROR(INDEX(__lookup!$A:$A,MATCH(D14,__lookup!$B:$B,0)),""))
L15: =IF(D15="","",IFERROR(INDEX(__lookup!$A:$A,MATCH(D15,__lookup!$B:$B,0)),""))
L16: =IF(D16="","",IFERROR(INDEX(__lookup!$A:$A,MATCH(D16,__lookup!$B:$B,0)),""))
L17: =IF(D17="","",IFERROR(INDEX(__lookup!$A:$A,MATCH(D17,__lookup!$B:$B,0)),""))
L18: =IF(D18="","",IFERROR(INDEX(__lookup!$A:$A,MATCH(D18,__lookup!$B:$B,0)),""))
L19: =IF(D19="","",IFERROR(INDEX(__lookup!$A:$A,MATCH(D19,__lookup!$B:$B,0)),""))
L20: =IF(D20="","",IFERROR(INDEX(__lookup!$A:$A,MATCH(D20,__lookup!$B:$B,0)),""))
... L105: =IF(D105="","",IFERROR(INDEX(__lookup!$A:$A,MATCH(D105,__lookup!$B:$B,0)),""))

Sheet __lookup
A1: branch_id | B1: branch_name | C1: Dept_1 | D1: Dept_2
A2: 1 | B2: فرع اختبار عام | C2: قسم اختبار عام
A3: 2 | B3: فرع اختبار وحدة
